Series Name,Series Code,Time,Time Code,Afghanistan [AFG],Albania [ALB],Algeria [DZA],American Samoa [ASM],Andorra [AND],Angola [AGO],Antigua and Barbuda [ATG],Argentina [ARG],Armenia [ARM],Aruba [ABW],Australia [AUS],Austria [AUT],Azerbaijan [AZE],"Bahamas, The [BHS]",Bahrain [BHR],Bangladesh [BGD],Barbados [BRB],Belarus [BLR],Belgium [BEL],Belize [BLZ],Benin [BEN],Bermuda [BMU],Bhutan [BTN],Bolivia [BOL],Bosnia and Herzegovina [BIH],Botswana [BWA],Brazil [BRA],British Virgin Islands [VGB],Brunei Darussalam [BRN],Bulgaria [BGR],Burkina Faso [BFA],Burundi [BDI],Cabo Verde [CPV],Cambodia [KHM],Cameroon [CMR],Canada [CAN],Cayman Islands [CYM],Central African Republic [CAF],Chad [TCD],Channel Islands [CHI],Chile [CHL],China [CHN],Colombia [COL],Comoros [COM],"Congo, Dem. Rep. [COD]","Congo, Rep. [COG]",Costa Rica [CRI],Cote d'Ivoire [CIV],Croatia [HRV],Cuba [CUB],Curacao [CUW],Cyprus [CYP],Czech Republic [CZE],Denmark [DNK],Djibouti [DJI],Dominica [DMA],Dominican Republic [DOM],Ecuador [ECU],"Egypt, Arab Rep. [EGY]",El Salvador [SLV],Equatorial Guinea [GNQ],Eritrea [ERI],Estonia [EST],Ethiopia [ETH],Faroe Islands [FRO],Fiji [FJI],Finland [FIN],France [FRA],French Polynesia [PYF],Gabon [GAB],"Gambia, The [GMB]",Georgia [GEO],Germany [DEU],Ghana [GHA],Gibraltar [GIB],Greece [GRC],Greenland [GRL],Grenada [GRD],Guam [GUM],Guatemala [GTM],Guinea [GIN],Guinea-Bissau [GNB],Guyana [GUY],Haiti [HTI],Honduras [HND],"Hong Kong SAR, China [HKG]",Hungary [HUN],Iceland [ISL],India [IND],Indonesia [IDN],"Iran, Islamic Rep. [IRN]",Iraq [IRQ],Ireland [IRL],Isle of Man [IMN],Israel [ISR],Italy [ITA],Jamaica [JAM],Japan [JPN],Jordan [JOR],Kazakhstan [KAZ],Kenya [KEN],Kiribati [KIR],"Korea, Dem. People’s Rep. [PRK]","Korea, Rep. [KOR]",Kosovo [XKX],Kuwait [KWT],Kyrgyz Republic [KGZ],Lao PDR [LAO],Latvia [LVA],Lebanon [LBN],Lesotho [LSO],Liberia [LBR],Libya [LBY],Liechtenstein [LIE],Lithuania [LTU],Luxembourg [LUX],"Macao SAR, China [MAC]","Macedonia, FYR [MKD]",Madagascar [MDG],Malawi [MWI],Malaysia [MYS],Maldives [MDV],Mali [MLI],Malta [MLT],Marshall Islands [MHL],Mauritania [MRT],Mauritius [MUS],Mexico [MEX],"Micronesia, Fed. Sts. [FSM]",Moldova [MDA],Monaco [MCO],Mongolia [MNG],Montenegro [MNE],Morocco [MAR],Mozambique [MOZ],Myanmar [MMR],Namibia [NAM],Nauru [NRU],Nepal [NPL],Netherlands [NLD],New Caledonia [NCL],New Zealand [NZL],Nicaragua [NIC],Niger [NER],Nigeria [NGA],Northern Mariana Islands [MNP],Norway [NOR],Oman [OMN],Pakistan [PAK],Palau [PLW],Panama [PAN],Papua New Guinea [PNG],Paraguay [PRY],Peru [PER],Philippines [PHL],Poland [POL],Portugal [PRT],Puerto Rico [PRI],Qatar [QAT],Romania [ROU],Russian Federation [RUS],Rwanda [RWA],Samoa [WSM],San Marino [SMR],Sao Tome and Principe [STP],Saudi Arabia [SAU],Senegal [SEN],Serbia [SRB],Seychelles [SYC],Sierra Leone [SLE],Singapore [SGP],Sint Maarten (Dutch part) [SXM],Slovak Republic [SVK],Slovenia [SVN],Solomon Islands [SLB],Somalia [SOM],South Africa [ZAF],South Sudan [SSD],Spain [ESP],Sri Lanka [LKA],St. Kitts and Nevis [KNA],St. Lucia [LCA],St. Martin (French part) [MAF],St. Vincent and the Grenadines [VCT],Sudan [SDN],Suriname [SUR],Swaziland [SWZ],Sweden [SWE],Switzerland [CHE],Syrian Arab Republic [SYR],Tajikistan [TJK],Tanzania [TZA],Thailand [THA],Timor-Leste [TLS],Togo [TGO],Tonga [TON],Trinidad and Tobago [TTO],Tunisia [TUN],Turkey [TUR],Turkmenistan [TKM],Turks and Caicos Islands [TCA],Tuvalu [TUV],Uganda [UGA],Ukraine [UKR],United Arab Emirates [ARE],United Kingdom [GBR],United States [USA],Uruguay [URY],Uzbekistan [UZB],Vanuatu [VUT],"Venezuela, RB [VEN]",Vietnam [VNM],Virgin Islands (U.S.) [VIR],West Bank and Gaza [PSE],"Yemen, Rep. [YEM]",Zambia [ZMB],Zimbabwe [ZWE]
GDP per capita (constant 2010 US$),NY.GDP.PCAP.KD,1992,YR1992,..,1243.13494374291,3403.90345222401,..,34278.7114917044,2271.02950042539,10451.5243938645,7285.42942771472,949.033221222563,..,34967.5177240199,34940.2124459277,2324.4529766324,20635.6985113898,20178.4651617478,416.18052405083,12405.1228950892,2764.10203202046,34021.6578090367,3404.20680748937,610.55090183852,61913.7772348381,831.063050334133,1397.1799330787,..,4040.42667322748,7796.84183089866,..,37838.3205639022,3607.7939153346,343.64717189562,333.94321893393,1008.71436357064,..,1118.26707464494,35108.5190377962,..,414.176125115426,568.734343155584,..,6904.33044426636,888.9109848463,4472.68627561982,843.613796782855,507.716403576845,2699.572610583,5228.49571268561,1346.79807271025,..,3289.98199848669,..,22124.5271032557,12282.6065966695,45803.4000912097,1434.06827557213,4680.42865673497,2769.58319981129,3782.18856452729,1574.84393008298,2336.88218385527,635.249741831416,378.195428852938,..,163.623280621142,..,2956.49941185905,30148.4350073736,33269.1474772279,..,10835.0960766628,514.367212710209,1509.87726855989,34130.852397553,852.048912832234,..,19733.2904130851,26011.6277169031,4751.5584842333,..,2225.92106378667,391.035601617569,620.455093773564,1670.71021523122,..,1589.72823567315,20155.241830864,8546.89202612336,29421.0140160215,548.895783828094,1878.709860248,4107.16955488014,1840.43872908828,24456.0261928556,23495.7121531032,21181.4195122224,31531.6905520493,4484.60847188253,39267.1202427963,2645.81498264365,4936.9912513304,877.349813361335,1652.19231486894,..,9719.06200438635,..,..,845.709606636806,481.089180990604,..,5852.9277379749,750.48856294414,236.446997830677,..,..,..,71003.6691215862,23996.3259110775,3391.56046004572,440.137210467183,323.091772585869,5131.83120313103,..,496.813828953952,12888.8838287686,2698.82756598592,1001.02076641902,4026.89230367839,7532.60778560851,2494.30329502298,..,..,1420.64361750229,..,1741.92088835927,161.833815902723,209.265210139025,3802.63235655297,..,375.064814336827,36402.4728942336,..,23797.5898060174,1091.10155159137,343.512962369227,1304.09028331803,..,63692.1160334718,15659.7802145527,794.620985629389,10600.3691246223,4569.02862785819,1203.12462552028,2672.44972177902,2615.50888600084,1448.94271568508,5631.92385263766,17660.2951383883,20079.2350285605,..,4323.06446285646,7717.09454344013,401.340273318677,2238.39971926476,..,..,20226.8542211425,826.636671882796,..,8158.4112635336,343.50076639706,23898.8977032521,..,7675.58781197393,..,1444.47663565027,..,5587.46791093587,..,23078.3685758278,1284.44556787027,9236.65142854062,6372.35853669134,..,3752.95579081954,831.791578714057,6091.02041799621,2716.37086730431,36191.6508145688,61797.695595272,..,809.10957937717,474.644596298166,2872.79787185008,..,495.453390864247,2704.4334190627,6522.3100263153,2387.67099684045,6931.90177349009,2845.45805844167,..,2506.90670107384,308.343021068257,3263.37185713051,62821.1576884704,28245.9793727862,36566.1737698527,7576.14608928289,842.824373037109,2563.23999847502,13148.1442946352,495.445186819819,..,..,1012.15140443137,974.89385761632,1159.56452340609
GDP per capita (constant 2010 US$),NY.GDP.PCAP.KD,1993,YR1993,..,1370.81467508469,3259.84367977166,..,32766.1212208376,1654.53708916369,10765.6461441244,7612.68115329614,886.032785886859,..,36033.6358843432,34835.8271344289,1760.55465085842,20315.1782744708,22217.9133183868,426.309441333235,12461.3501870439,2548.29312586215,33563.0460352863,3557.4772563526,623.953655204789,63435.4731513697,861.193921466685,1428.36572409464,..,4010.787151804,8027.18938430715,..,36904.4750646566,3582.85635557714,346.037540098807,307.123481022235,1067.06634482609,316.102167852861,1001.32651384863,35648.4779876294,..,404.406949132499,464.285496348839,..,7247.05353556207,1000.61178805164,4497.98234276017,844.164635433196,422.504043286962,2600.98900592114,5459.06799046292,1298.84418910626,..,2784.725496727,..,21747.8287585854,12277.4413795281,45655.9186216693,1331.67011559108,4743.06437134149,2913.86168588916,3770.34631460448,1587.73137950583,2475.33184627642,682.164150092276,431.785457796836,..,178.608647306301,..,2977.50254445115,29782.5435266688,32922.3641167873,..,10969.7815338141,514.811052111762,1059.31042082516,33583.0060357251,869.062574711785,..,19303.6669844654,24748.5335683272,4606.02555484164,..,2259.76653521635,387.570689318918,618.488572435338,1795.10264167899,..,1641.54507858093,21040.534041779,8507.34852923977,29505.8942155551,563.749687660707,1968.12413641282,3996.64224756711,2328.06451538962,24989.3119872471,24036.5256473506,21771.9650595565,31243.6795493317,4860.75334597502,39237.3266924184,2622.15153760867,4512.62020400203,853.435578893972,1645.64990512295,..,10279.5472758828,..,..,714.762829974723,496.207531785048,..,6091.98162317114,761.642439658194,160.258822047815,..,..,..,72999.737639745,24703.2061943112,3145.56068984773,436.101667406309,353.455711818268,5500.11697032865,..,499.220412077353,13332.575437453,2822.6261450968,1031.70711176686,4181.67106303697,7685.21740256496,2631.92945789417,..,..,1363.65347324592,..,1699.40366249622,169.218234282795,219.283883020566,3631.58073836806,..,379.011950668387,36604.233481752,..,25032.7043256575,1063.43461216881,336.944783365315,1298.44095341091,..,65115.6125221755,15894.1703922192,787.794111672404,9041.66393518612,4720.04406300522,1386.76048742205,2736.96752212206,2699.56253676093,1444.64777804052,5827.61534058069,17278.2992340838,20677.7937639366,..,4395.13507502533,7056.15511958363,392.326521717416,2307.36082465444,..,..,19413.7829320964,812.846761867309,..,8485.29142847674,350.165295049399,25990.3140287576,..,7791.72643171581,..,1459.86983290886,..,5517.51301769613,..,22722.186661584,1357.27286967346,9769.15991801411,6319.0744497015,..,3909.27336976102,847.276732749871,5553.55991647118,2746.21324400235,35238.7939685689,61160.3002555365,..,665.395604332221,464.533054210335,3081.75303549132,..,411.181440145464,2801.1851353106,6391.76695574542,2389.50095362151,7343.09497539568,2808.24852807561,..,2596.56033378462,323.228921951541,2797.56840598447,60133.1929559932,28884.7769248857,37078.04968394,7720.46660275118,804.938107591491,2508.61908317948,12896.4223336048,526.258351124937,..,..,1000.7158375534,1015.1113909384,1147.80890919042
GDP per capita (constant 2010 US$),NY.GDP.PCAP.KD,1994,YR1994,..,1493.73394623889,3164.8985771543,..,32633.886429177,1658.31009384044,11199.1897087684,7952.71155173317,956.470885584858,..,37098.7987775714,35535.5958617029,1394.74420894615,20595.6313807487,21623.0156816472,433.412344067767,12665.9964268971,2252.78306812954,34539.5020172289,3491.40076155601,615.120445612328,63374.766845423,915.409903076161,1465.80404330815,698.56429427465,4053.43604219396,8319.20902382917,..,37043.1816690002,3660.40222148562,341.155507741463,290.319817820472,1237.7397557779,333.261420390709,994.64228103726,36893.9818855308,..,412.999641512695,494.999868096875,..,7498.85208878367,1118.49955321932,4679.24177631885,777.128893757449,391.507717211764,2391.3098950934,5563.0224267937,1266.53159676387,..,2790.09867394596,..,22559.5014596853,12630.0671163192,47928.3657984931,1310.98270371835,4799.9659071767,2926.53652505226,3844.7844388671,1618.58478291278,2591.51160108299,768.866811590765,525.724216825098,..,177.994872815621,..,3085.86438143906,30822.6083597141,33569.3297542586,..,11085.1948257608,501.447273969099,958.806215864622,34289.1247492873,873.896926770508,..,19591.3995220489,26073.0269742062,4632.19840837838,..,2296.93122103367,382.604621187922,623.966289991011,1935.62507663715,..,1575.26974197792,21813.7198883851,8770.0697703441,30306.867266748,589.708787590248,2083.06368170835,3880.49082118638,2345.58667997097,26323.6840664446,24940.8621894535,22686.0865959001,31909.2372487682,4880.40981905876,39441.5707298458,2623.57206159867,4001.66928058981,849.696267547223,1653.23735332971,..,11113.5130969854,..,..,571.403996831761,523.435446182786,..,6416.32652074146,792.325438707372,124.59557706295,..,..,..,74763.8711649339,25234.9508708407,3093.88209795061,422.746160759111,315.929623949565,5858.94810639242,..,504.358537908145,13954.885988878,2957.39108413535,972.880764376935,4294.08812067804,7896.12059754569,2565.4581019457,..,..,1382.19593359384,..,1848.78323736102,172.792561798687,232.909398447749,3586.94271056905,..,399.420624239488,37461.5661613717,..,25970.3977923704,1076.04253853748,338.592437603163,1277.99292628393,..,68019.1045812106,15923.713350174,796.630568686476,9433.84875549649,4755.93386520376,1432.38130326215,2814.7661998996,2975.98055348597,1472.98295938682,6123.12529457037,17398.1273001341,21302.5941436975,..,4574.59494051867,6176.86609952928,204.77268268638,2227.64235882058,..,..,19041.0583985154,789.791445533511,..,8196.09255478744,345.244100077551,27939.6348618883,..,8242.69958720552,..,1549.49563314794,..,5564.09209568517,..,23153.205386162,1418.55576988666,10160.2542731917,6345.47597185414,..,3859.17491716474,833.417573862451,5642.08046831998,2759.14274883916,36419.4585694427,61445.1154646442,..,515.763367876143,456.893124294896,3297.86779352882,..,461.577031662488,2934.1165362342,6588.39579663233,2418.18369668995,6889.59541007254,2263.55634511393,..,2852.98297728824,333.005133684099,2166.69302080634,60932.2776388942,29930.6755725684,38104.9724675631,8221.94944536616,748.247327901199,2662.60251687078,12325.100207673,563.231291719037,..,1895.37061958589,1018.88648711481,903.89152486111,1229.99231247816
GDP per capita (constant 2010 US$),NY.GDP.PCAP.KD,1995,YR1995,..,1702.8869351707,3223.55756040321,..,32917.7106562105,1775.89946124641,10434.5272637203,7630.02227409899,1043.54314092724,..,38078.9039470847,36427.8636986522,1216.07791710291,21170.9531347604,21910.2398805927,445.918917287425,12876.2230136338,2025.0278933113,35289.1992509297,3424.08611479284,631.171223502581,65690.9641699689,983.262475903491,1504.39678385825,866.940672136616,4237.56729946312,8547.94115970694,..,37703.791734616,3781.90374487118,350.888628789163,263.270850380452,1377.41960845303,343.472632631439,1008.67275035212,37569.4682404423,..,431.498670852939,484.758087671732,..,8051.48659005993,1227.5563802948,4841.36713468951,782.967729796268,381.717822161389,2418.42631131267,5651.68040471061,1314.11994116383,8475.13577047156,2844.12053737607,..,24030.2363034354,13424.0631855035,49122.8819343921,1249.15124129247,4895.09467489825,3032.79130059354,3847.50729154488,1661.33176493045,2724.76380657327,871.588665703865,539.926147948885,7313.74090418016,182.708878237354,..,3122.91340774269,31997.004165002,34145.7048428556,..,11342.2071049481,491.923300504439,1010.25067936499,34782.5686253047,886.47694741304,..,19909.5296030908,26899.8020031783,4690.73011318173,..,2355.89411567083,383.612479777451,637.912006473978,2024.2695417174,..,1594.35708032386,21893.6855998259,8913.10238145483,30178.0490481183,622.303683083488,2219.81105813614,3917.87047983662,2322.87384079478,28712.2347662424,25915.0184139331,23546.6195727676,32829.8833064068,4947.08225948178,40368.7051086109,2678.07425911724,3738.46947329972,861.249091026433,1630.713509805,..,12055.2312884405,..,41473.3284370398,535.043964563196,547.35992988671,5132.95272870961,6703.23022165657,804.878385531214,115.794135586346,..,..,5322.41952544427,74776.8054689525,25544.5327766388,3057.0042264058,416.938320785458,364.608505668198,6275.11575654621,..,495.698185992357,14736.8776237922,3172.68613643065,1038.26413039228,4439.86281298095,7307.17697825048,2708.90801585281,1086.93603328742,..,1459.10628955376,..,1722.19330628966,170.581708907845,246.064270654205,3617.29003502938,..,403.051716748018,38438.5538435132,..,26804.8312659699,1117.04727318143,335.48074775075,1242.73804698383,..,70477.7652002427,16295.7347960108,815.335937946488,10191.0835695781,4741.12871438855,1349.93947660129,2937.57637513657,3140.77218924514,1506.58434826874,6539.91412066892,18080.5468320971,21966.8564208958,..,4911.06523181224,5919.34063407522,280.499455689479,2357.18862655285,..,..,18648.8568668051,809.847750641393,3153.38339326285,8009.79450081097,318.279425558483,29008.4995541899,..,8698.86838148239,15062.8179447925,1630.23823122705,..,5617.19063674468,..,23686.8768260751,1483.16349503315,10614.9899335319,6374.29862303497,..,4159.20225838055,860.004007511502,5617.98575579013,2835.03913319392,37686.8252706154,61329.3831234487,..,445.156247090078,459.17497299278,3530.29398493076,..,484.935502925587,3035.33065611336,6869.49812058424,2432.31251126634,7315.1778741251,2054.28248952347,..,2698.46202241507,359.764240348666,1917.45137153295,61818.2337806713,30599.7917696589,38677.7150883663,8044.64175043668,728.23518460811,2625.16277108758,12545.1973689765,606.931363538888,..,1941.38433392354,1032.52089011398,905.554641891652,1209.80124116857
GDP per capita (constant 2010 US$),NY.GDP.PCAP.KD,1996,YR1996,..,1869.43235035998,3297.86337455833,..,34175.3242656523,1919.2117663338,10828.2159878164,7955.12765176278,1121.88162863241,..,39065.9243827866,37251.1878988249,1219.50934895182,21782.0991621409,22220.6829070812,456.237710100466,13337.4473648905,2088.69508915172,35781.5746820223,3363.89631145811,638.076330738046,66969.933143424,1029.17766319167,1539.34488523904,1665.5953656484,4386.85153681613,8598.01495879817,..,37833.3647703949,3862.28186922653,378.915323922601,239.039632650715,1496.60967389523,351.289466072276,1031.290279859,37765.7324508268,..,404.224952083894,479.042125106108,..,8479.87527858617,1335.3626511459,4862.06805227931,751.923934702502,367.434632780743,2452.13763259287,5585.13867711528,1372.79020147253,9322.35321077227,3051.68284217739,..,23965.5255684289,14015.2905246018,50262.2255029854,1173.00539525705,5040.16119334617,3193.75764509513,3832.76268967717,1711.46506057622,2741.52601659487,1398.89266070311,584.953704958787,7817.60463830299,199.005021700008,..,3235.35729998179,33059.0966943048,34497.2850624851,..,11459.4580434804,488.883488099551,1152.09155715752,34965.6908864708,904.337547466582,..,20389.3180153866,27262.4138468824,4872.62176047133,..,2371.31183042631,387.848312471193,698.435192903997,2182.21826923565,757.057605890913,1606.97984437211,21835.034100535,8928.92425413627,31451.8158407223,656.697143960797,2357.95935142443,4098.51272324836,2500.00608345664,31075.829340504,27771.5415882469,24350.9490802348,33242.8518868463,4894.09917051564,41514.8624950739,2650.80923437099,3814.49932695407,871.429953614735,1633.61624530499,..,12847.770996661,..,41185.0399212941,564.531454061683,572.855346791467,5313.55498716078,6961.33173978234,837.604454544952,122.856110468139,..,..,5639.23688820173,74790.0675957683,24928.25937397,3083.60699032172,412.808337480976,383.517887258826,6729.52394040616,..,517.086960734825,15193.4620113725,2824.43558387623,1066.51937842288,4640.25302541719,7603.70898136384,2605.52973480235,1025.10658557064,..,1479.78785581382,..,1907.78644656958,209.861657003139,258.595068629155,3620.88906120815,..,414.70096924618,39626.2926643833,..,27341.0756274366,1165.5383672502,334.845581243757,1272.72925005516,..,73647.1324936543,16548.9730507851,833.747102628096,10972.4022761555,4834.64911284334,1417.22829796354,2916.51674552311,3175.5356197658,1558.71385863696,6930.73471396384,18642.5393181553,22350.3045821732,..,5115.83282212049,5714.55123720316,306.575546007101,2509.80198526192,..,..,18744.7805139653,805.202189548839,3233.09601989711,8281.28009926578,323.291930953538,29951.0196044356,..,9267.02702559816,15602.2228975631,1610.48050076902,..,5750.36487809063,..,24219.3275848937,1528.0254093567,11114.8983137404,6472.72533570241,..,4214.56844612545,886.475755707185,5609.78063006232,2881.07525630609,38198.0195514511,61426.1499424655,..,365.437726504682,466.8130068329,3688.93420348057,..,512.879838620492,3026.41118987628,7339.93224684604,2566.12858735552,7731.17650951051,2151.27256388421,..,2530.46887392669,380.338645116833,1741.08871439694,62294.1289653605,31299.8998377832,39681.5198579033,8432.62114245025,726.584152399542,2630.53036580676,12265.3092111554,653.085384784221,..,1878.92685293753,1041.7035135761,935.529938599595,1312.20354720657
GDP per capita (constant 2010 US$),NY.GDP.PCAP.KD,1997,YR1997,..,1677.2834685123,3281.10213909542,..,37293.3524676456,2015.01392153344,11110.5148115443,8500.94036184635,1172.13680235161,..,40156.3352495743,38029.46578209,1277.85412406008,21984.9465790559,22281.7951076819,466.77254422232,13917.1735674359,2336.69588868934,37019.4490241895,3358.51052496872,654.542811574812,69624.4363363497,1065.05676572225,1584.11720415994,2255.05736934854,4641.80547984061,8750.27405767678,..,36400.0373869634,3843.12252499241,391.791325143347,232.506872313885,1624.70296620307,360.664591013114,1059.03313658003,38967.9531013894,..,415.787311600684,489.095261494704,..,8987.61952196139,1443.77471054,4951.24642069829,761.462178038835,338.411808157422,2368.33970559492,5758.27599635621,1382.62158840497,9772.25586206962,3121.53876725144,..,24234.4182212145,13935.7989616144,51685.9805167323,1133.83373327637,5143.64163627108,3392.62269823048,3917.65599711645,1772.21044889868,2830.08346956608,3364.35289935585,622.236645893419,8840.26105693513,199.111302852145,..,3130.72019088012,35021.5866269695,35178.9380585052,..,11816.5372904898,498.537352815272,1297.0231891992,35560.2092859448,919.640195183521,..,21198.7906496062,27613.4807529028,5100.51179285811,..,2420.02694450416,397.893895724076,730.802663533157,2322.22184519473,763.501533691312,1642.16160171309,22758.29457067,9242.70369234915,32727.8960552338,670.61012159443,2433.34050760854,4079.17711629346,2937.47385025707,34072.1885319914,29968.3952238499,24719.6211002663,33835.0738173314,4791.83554574296,41861.9110380264,2672.81685166829,3941.12484786578,851.183571851277,1634.39280928138,..,13481.6261712846,..,40147.4206231383,611.521285879766,600.194932214589,5848.40524793815,6754.39113867707,857.504618080385,235.451340671043,..,..,6152.13698762214,78075.5305619111,24363.4495809136,3112.12313364961,414.774253712874,387.630640020127,7040.79047145522,..,528.268274597294,15871.6084604188,2627.50647888972,992.595541516437,4843.14424524771,7999.85794210516,2443.92109873436,1045.85165822723,..,1524.86011032351,4859.03526814388,1853.01285455932,226.303923316425,269.649527317451,3661.05152080502,..,426.173279600337,41117.9632906548,..,27533.7888850208,1190.03489694127,331.896505099004,1276.24081980144,..,77119.8563431364,17445.2272742139,821.661818033268,10957.2016523875,5043.14049136278,1326.89566593882,2973.31446691352,3328.59547484019,1603.21691994009,7373.60097938179,19380.9754568315,22842.3061755653,..,4883.48603455115,5804.14240311293,327.244053226363,2512.52865397437,..,..,18588.3043455059,810.271813915334,3475.10205239293,9163.68506599416,302.658832934105,31363.408990084,..,9811.17676872153,16422.2455127796,1543.52116586011,..,5804.75057970919,..,25007.8943666805,1615.87442677859,11753.2449000125,6330.43007296722,..,4365.19149124839,953.554863707042,5854.59694206964,2904.69567521221,39283.4455529102,62695.1424701545,..,366.34295995536,470.722367743995,3545.38806104305,..,568.984188324217,3011.30477138875,7877.61856969487,2668.81055344079,8186.24310425515,1876.36776188972,..,2777.29622581027,387.600610764238,1704.3140236587,64176.4841632677,32195.6756568667,40965.8466450522,9089.12290666126,750.091377017855,2709.3414331922,12786.9902764532,695.392209942484,..,2060.16510374798,1061.49078599616,943.855469335807,1325.31694186554
GDP per capita (constant 2010 US$),NY.GDP.PCAP.KD,1998,YR1998,..,1839.93041779504,3397.41019779189,..,38595.7957106487,2094.47852756743,11328.4195368888,8728.94765116614,1267.5752827037,..,41504.4958976453,39340.1112292027,1392.36119355104,22776.6096750457,22634.8884697697,480.868833099348,14383.5879752162,2545.05332204086,37670.250196573,3352.85453866553,660.631781368267,71810.384072276,1100.1615195901,1631.57491819291,2608.19884143362,4585.73992768727,8644.4208430246,..,35382.1426546445,4004.26340929735,408.80176872356,240.62759815185,1787.99912072727,368.873030660782,1083.48272278003,40131.7018339628,..,425.639680128887,505.162085342138,..,9254.79478866959,1542.0640965272,4904.74819030427,751.129339025684,325.413958743692,2387.56086707223,6020.76176720374,1410.73839262674,10111.2239477279,3112.34529517858,..,25192.4332565688,13904.92523217,52640.9395201556,1102.17798279338,5435.26438369486,3572.30792174034,3966.17348925464,1810.16933207493,2910.28721334507,4002.27095204312,620.91748468562,9293.07550974244,186.661401899107,..,3141.87758042866,36824.847965247,36295.9335373403,..,11925.7828108198,501.419174362299,1350.49668758066,36258.6744317081,940.035343774865,..,21902.738778458,29702.6890009602,5688.94410177693,..,2484.76024846879,404.376461552539,516.606862565473,2290.24845089021,766.317381874721,1645.28815629354,21241.4397679412,9655.08663687049,34505.6941275043,699.068854719027,2084.23454844949,4086.47449259503,3839.82745778959,36492.9742975166,33768.6499244647,25187.9963777129,34371.9817504944,4635.98815985769,41277.0774763816,2699.40995245769,3933.55776763006,855.099649267719,1712.39407509467,..,12652.3534853386,..,38874.5098297967,614.989848634769,612.59077548198,6288.84476028912,6949.23388208471,860.779338597552,283.431706361217,..,..,6659.5980950334,81771.4409779514,22780.4722347847,3197.35323921619,417.66667602124,390.582491913197,6360.94933120729,..,553.665074170031,16577.0327879946,2541.31969664147,989.103332386113,5083.42333885946,8245.49392514536,2522.2937057816,977.824995511346,..,1562.48056284991,5112.71322675365,1962.03423982711,246.71009886105,281.731704260962,3673.84459937342,..,430.067664968378,42714.5130141436,..,27512.4692001892,1213.17242543353,353.417241825761,1278.65131530213,..,78673.9572628494,17889.4747080799,822.443036749796,10934.3993503253,5304.85402314161,1243.99884839927,2911.63312797183,3266.57326476182,1559.20926414535,7711.10920525608,20207.2835734036,24243.4257457731,..,4791.46273485541,5505.62779004877,329.115107432062,2556.05319497515,..,..,18763.5859285762,837.853980219805,3573.08856660866,9741.36050272366,304.651370550035,29641.2258279364,..,10191.1052592976,16998.8570898619,1528.03923829279,..,5746.08711436022,..,25977.0009830159,1682.42933934163,11550.7342529659,6641.68447636698,..,4547.15760937741,967.405134699737,5873.95377238843,2916.38916719549,40921.1524598837,64349.8808984762,..,380.159579549102,475.928709244261,3235.7322429727,..,538.734044476775,3080.12042620519,8505.06540274168,2762.55429456119,8244.49825261577,1983.01543617205,..,3197.81462087019,394.247287240727,1686.94178709922,61231.2297222283,33126.2958055963,42292.8912011426,9438.88305694218,769.854324665772,2777.02282217083,12574.6902183046,724.274502746778,..,2296.0471567258,1092.80109265068,913.412361936449,1342.54279630389
GDP per capita (constant 2010 US$),NY.GDP.PCAP.KD,1999,YR1999,..,2101.61115286405,3457.13704649758,..,40035.5576545836,2101.94533402433,11464.1970680634,8339.89438868086,1317.74192344716,..,43087.4467189905,40673.2043008874,1482.32977280697,24111.8577544436,22760.9869862741,493.255219870374,14378.3018531846,2642.67708243327,38923.1665102004,3513.85527628729,675.677481564767,73825.1848453623,1155.20975777048,1607.21008087073,2852.02104121862,4939.59805552704,8554.83443909603,..,35672.339906887,3800.87414209981,426.851660539271,234.684850023308,1946.85139734536,402.873638155591,1099.61044409082,41856.0455923901,..,431.472541135017,484.082558710106,..,9100.99917145502,1645.98795997806,4629.49803179899,746.092406923024,304.336647951865,2260.72941607505,6125.90326832085,1396.99955388816,9900.05866308553,3291.30449419408,..,26114.9986868862,14119.304203948,54013.7779786091,1094.84729624055,5502.69981739219,3752.1686114586,3706.64977662317,1885.7431439716,2986.64283367506,4831.0726534306,606.325512678544,9186.39295449766,190.691548272396,..,3392.17276350373,38372.2220413352,37339.9828265739,..,10593.2390717713,518.123530831333,1400.10401611843,36955.2896071002,957.967877355924,..,22489.3159600447,30111.9578470097,6073.98590961086,..,2522.86141664883,412.491964470991,512.978822899438,2366.61535228461,773.421282594969,1572.2542157516,21566.936220108,9992.79285251716,35455.8922143852,747.252035650833,2071.55062971407,4093.86737451122,4379.19932843339,40003.6825669423,38092.7881848082,25472.3287581477,34902.2620664673,4642.75086467349,41097.9611955571,2743.02603014023,4078.42679261378,851.067757043168,1657.27335140699,..,13983.4128290361,..,35824.1351032368,628.069322847163,645.996039920976,6506.29008842789,6824.18315395066,855.889847638652,321.904554323715,8782.82624669327,..,6630.9145655744,87516.4451246197,21777.3823400516,3315.75660792143,423.576141162102,390.089366695589,6589.6037488628,..,569.704206145799,17256.851592428,2473.06567208603,1033.1392699363,5150.24990923686,8340.56385750002,2567.20502159725,946.374187401233,..,1596.51171630469,4644.81457353471,1958.95378604297,259.231825347606,308.590109342626,3700.5911112498,..,440.38040098011,44574.6884624324,..,28861.1177959172,1277.5341601187,338.847712829882,1253.04789356196,..,79710.2097464101,17843.0357887836,832.69779224729,10149.4400843128,5403.43260909646,1234.57911591749,2812.38282804099,3268.5109643701,1572.68791093354,8069.74512532753,20874.5783424226,24620.7940741585,..,4779.72094692617,5876.14516013283,319.061172435449,2600.27927744087,..,..,17690.9175686887,870.116714602719,3150.46358908026,9730.69992339457,292.958493375246,31197.6051202269,..,10159.832694037,17882.658654161,1479.40444648984,..,5795.19797273605,..,27032.2535073491,1744.65113478598,11807.0545642138,6731.79187707344,..,4672.24561842412,969.956950886771,5754.92265506366,2946.11075494563,42741.6228641137,65096.1906348362,..,388.217219657996,486.410931052112,3345.15601545615,548.112813039736,535.322454273127,3184.73089115784,9171.36042728143,2897.98368536803,7842.59540923297,2282.97592238408,..,3134.67055454994,412.798469074783,1699.51747282766,59845.037041274,34100.0660798751,43768.8849928326,9207.79228921198,794.349388736295,2736.12334026525,11597.9454156517,747.550360105361,..,2423.44620024237,1102.61307818631,928.863582488447,1312.66067911302
GDP per capita (constant 2010 US$),NY.GDP.PCAP.KD,2000,YR2000,..,2256.05096189409,3541.07203679729,..,39870.5033647003,2100.57238329504,11906.684247911,8182.68650230868,1404.32146207448,..,44223.5912367361,41942.2651303522,1633.3944354131,24748.3079735459,22955.0934939164,509.293434722413,14967.0944892744,2809.15603979594,40239.8653051688,3838.89248817263,694.243748862815,79988.3500115683,1201.10578545411,1616.53917776886,3002.82084105655,4954.77428993194,8778.18814081675,..,35923.4018274107,4011.0958404745,422.443808612309,228.247568715153,2179.98480656933,428.505905633715,1116.82945337305,43638.2831548145,..,411.938174343603,462.5285997774,..,9469.11046762055,1771.74146737494,4764.16774696836,806.429473279958,276.216682819563,2364.61249139714,6230.47948913607,1336.4296095336,10570.139583272,3473.24349386215,..,27317.8036921889,14766.9569641685,55850.6364296358,1072.61558708337,5541.34678414006,3902.60008184078,3678.90231648583,1950.60698229459,3028.8682633893,5484.30083211726,571.60323059432,10108.2052912574,196.504962197176,..,3315.06747465363,40450.3733748937,38522.2115435395,..,10137.5499042882,530.457484894585,1436.87949686198,37998.4253119991,969.223555380733,..,23275.4443060502,32193.0025256533,6359.78271479598,..,2554.78152752909,415.38747477439,531.058650126463,2340.15905927945,766.936717230252,1620.05611297354,23015.9058780068,10439.8071444272,36610.691900474,762.313340806374,2143.38989039205,4263.11842647037,4311.28130243519,43386.7676958726,39793.3811415319,27026.4239797433,36180.7787589321,4644.79678807311,42169.6978757344,2810.03514836385,4491.59182333064,833.029813172049,1730.81208299629,..,15104.5215176462,1919.83783261085,35792.7097863038,654.312311839924,672.167829903587,6924.50311671446,6747.63317566387,880.41466889846,392.490207474937,8967.24745280595,..,6933.58786910926,93462.9248464056,22524.4334802203,3448.83445241989,430.108996269166,384.680169731663,7009.60173993548,..,553.578011379499,18306.665059282,2614.72985172394,998.106978181263,5560.23464877619,8659.79725352063,2693.94678924649,968.288176681114,..,1600.47949045407,4797.12345522298,1972.3002866719,256.539379736227,346.774645407036,3746.71311947165,..,459.116340001891,46133.176346003,..,29525.1203253083,1309.52559663019,322.149889580638,1287.05925568582,..,81732.9405167422,18698.3997470458,848.631783053007,9861.56757357441,5441.82128823216,1173.15729570662,2692.50494430328,3310.77999316433,1607.20161393888,8526.27041970808,21513.4596143456,24924.1465937967,60858.1912230348,4900.53893798355,6491.00135927102,327.096812782562,2766.57360902918,..,854.424169262409,18263.230082304,876.216200460503,3405.77959935783,9790.27077165215,303.78909811539,33390.0584777032,..,10296.7141833785,18570.6960677631,1234.29920292736,..,5946.81097230154,..,28335.0344804601,1837.13739163448,12911.3145282249,6641.2675182958,..,4747.95855524537,1003.00204956655,5685.38735001373,2953.2323963558,44693.7365969156,67285.7731254503,..,413.586440748804,497.204179862896,3458.05393141622,637.902173800807,515.669772437193,3275.57115785363,9779.49634411304,3004.610765488,8237.34378252333,2381.17572965515,..,3079.53011797931,412.196371922087,1817.99710109357,62833.2510686303,35250.9236029695,45055.817918284,8997.66012496864,813.203769489388,2839.9324726124,11799.8331310304,787.654150892408,..,2160.18267423056,1138.24714181681,938.351156683685,1256.08371009324
GDP per capita (constant 2010 US$),NY.GDP.PCAP.KD,2001,YR2001,..,2458.14998597263,3600.4372541096,..,41064.1541760868,2119.32593151743,11092.5099344922,7735.49336439011,1548.07585116108,..,44473.4086078835,42346.2901651331,1781.24639507096,24958.6549679117,22416.0818465599,525.072110746691,14567.5337179064,2957.02698386125,40427.1806289943,3910.1872567279,709.469362156737,84844.7383808264,1263.96776707338,1613.41081598593,3131.1394017013,4891.91484358506,8776.86371936394,..,36162.9779292315,4265.56026222469,437.688194337557,227.428111030652,2185.25382237384,454.07644785479,1137.62596145748,43964.9545940366,..,421.659198766398,497.346803391641,..,9666.47605485465,1905.61073878466,4774.97560873689,805.155528574441,263.051268616829,2387.84820524252,6332.83690899883,1310.28647171021,10898.6869877335,3572.39605794209,..,27998.0169209687,15274.856766381,56108.9627194633,1071.98234757153,5568.04254399527,3911.76007990308,3759.89486102751,1982.11163303315,3060.63311919382,8603.95567942875,603.105100089819,10816.6031531195,206.743143498219,..,3368.93086045079,41399.9435810574,38990.3054977767,..,10098.6008551862,544.150462634411,1516.87988282866,38577.7256293297,982.93266749867,..,24111.4174535329,32514.7599681473,6216.99579348076,..,2554.25861883846,422.779883544402,532.286305452231,2396.11431202545,746.410000113309,1622.20814070154,22975.0421342543,10858.6950815053,37512.2740509131,785.344628061723,2190.76617979471,4302.34808468813,4285.86362173814,45285.7060241103,41567.220212771,26460.598127634,36801.2932340469,4671.83947402415,42239.1130886031,2906.6227529513,5106.63416701035,841.220549899341,1676.51853905573,..,15667.3784594262,2436.03967111479,35051.8022559136,682.624141983275,699.633479930571,7467.74177064724,6749.15226066723,903.428890086161,389.548437855619,8671.83645416692,..,7447.07745294769,94695.3392381768,22640.6851756308,3329.92082620229,442.135823538468,355.55084871916,6893.28051327208,4198.33938400401,620.28478371654,18280.2135257269,2753.70020188907,988.470258441436,5658.44969158121,8494.83885088079,2747.84444659694,1029.6537646372,..,1632.52468137347,4830.41688665419,2091.23451593821,281.067691329025,381.703009621146,3723.52529674691,..,472.771792537944,46758.8767500274,..,30363.3211189094,1328.75008810319,332.755540702062,1310.50596814504,..,83016.1749041992,19308.4206132352,846.642373050929,10165.9216562321,5367.9625259526,1142.23067088605,2618.72528345883,3287.28577554605,1618.96983974279,8635.06057461319,21777.4077668973,27320.4700879187,60707.1198813964,5247.29094684965,6850.51712899489,341.993367281652,2942.45721303729,..,862.903367599794,17585.3904544414,893.709850707935,3581.9742277368,9559.5519572009,271.689644163777,32191.9400902591,..,10657.6884748107,19088.3262156659,1105.68874286125,..,6053.38603398267,..,29264.9138742375,1795.08213471828,13434.3740992268,6328.96884964033,..,4825.09613797213,1038.58143323351,5877.6804265163,2952.50846722183,45270.7810701848,67828.5651754359,..,447.782178202458,512.968270200975,3544.20834359561,724.904793222869,493.248301180906,3375.34556316017,10151.9609604185,3091.10276793195,7631.40468820074,2458.50768000309,..,3099.58103830016,419.335775142751,2005.31514152877,60434.6739793095,36072.7624964454,45047.4871976844,8636.54526827471,836.698654503859,2679.65554297233,11975.3308170734,825.904513252723,..,1909.6309020319,1148.42761633894,961.499931611043,1259.33808426814
GDP per capita (constant 2010 US$),NY.GDP.PCAP.KD,2002,YR2002,364.570572951991,2569.8582949056,3754.51627515001,10613.9115418862,42013.7736801167,1906.08657987112,11056.0151766257,6816.73485537778,1761.88827200001,..,45626.6220312732,42836.2182132566,1955.41315045621,25134.3811263708,22038.331198939,535.246723365611,14639.8917322832,3126.05307832894,40962.8509059778,3997.12068452635,720.168276979008,83048.803111906,1360.79225208936,1623.51879364219,3293.14024872433,5115.89988635339,8924.33352798132,..,36832.2662281767,4621.50486846638,443.792044922061,230.996154204304,2257.31667202373,475.05372730314,1152.85586729255,44883.828395515,..,428.477228632512,519.27665039581,..,9852.8339284954,2065.71853445869,4825.83199861245,804.211318375777,262.972797533029,2430.28470676305,6434.39213106925,1264.22230582965,11470.4838245849,3613.13635669827,..,28619.8264612925,15556.4055980901,56190.8145223533,1080.13690406471,5458.36056278119,4074.85496410869,3848.26684555854,1990.99216101758,3114.16936432896,9867.56210256795,601.034246875246,11546.7726523663,203.905912851548,..,3470.4582668619,41993.6890221885,39140.7147636595,..,9823.25171936518,510.063968885963,1610.70725347025,38512.9200411024,1001.23786170576,..,24965.5940271221,32051.6655893815,6414.88500073995,27723.6367750652,2591.3294355891,436.527382159019,516.444230963045,2422.5179883007,732.552230600865,1641.39720275338,23252.475293107,11380.0277507797,37295.9335758381,801.507932685869,2257.74685507094,4589.26411346545,3880.11162376508,47012.3367184518,43602.8830153089,25915.2914639874,36837.8629925475,4732.55934846488,42190.7786326809,3020.08984638891,5606.85299741729,823.091943083705,1710.43241349455,..,16734.8456640213,2417.32162909409,35522.7273695884,676.269634182213,729.89419896717,8091.6452038119,6656.74169709908,902.143883885593,394.739885375532,8453.58471619258,..,8014.63690893918,97287.5972796708,24072.0395067075,3369.63204806621,374.489090807365,352.028451075147,7114.81674104128,4350.26648149968,620.558309986618,18685.6556885791,2827.08737687554,966.472937552677,5738.05597447947,8401.01586690823,2769.03144214768,1112.5401927953,..,1693.08114439071,4902.50849163812,2130.73391780987,296.983486342821,422.95839968628,3845.057149665,..,465.545286263863,46509.5171375534,..,31233.9109642132,1320.39295592364,330.548164308641,1326.24296912489,21177.6963699064,83756.7929164058,18772.8003735174,855.498549835948,10742.7092631269,5383.8020113315,1111.98189737186,2569.69184723023,3422.23834850696,1643.2044431093,8815.43657860498,21824.9756172317,27769.1073066438,62167.557648297,5621.2908277154,7208.57072219707,377.711879315713,3052.61196700258,..,863.494054097215,16619.4346588193,876.861519490641,3840.39710194709,9384.15248144775,327.967422691222,33242.9863316237,..,11143.7638880579,19796.0670927634,1046.55883851366,..,6201.16347954802,..,29685.363949467,1852.25862270878,13588.9181009113,6297.10063109585,..,5122.70678185468,1074.63929720563,6063.10318942275,3059.01396865245,46059.3667851558,67413.9282164609,..,486.865459975268,534.696652292606,3731.02710706035,653.803480096339,475.699196736596,3470.57793980337,10910.8978233392,3107.02064431386,8003.48097209238,2440.27734550907,..,3301.32979397774,440.652165419291,2130.65855856673,58707.0071649096,36781.4764940873,45428.6456781274,7967.16256683532,859.582127695114,2481.52293136115,10717.1389195076,867.982429789999,36789.4451874028,1628.97218524783,1160.24323895414,978.053430616845,1135.00033309387
GDP per capita (constant 2010 US$),NY.GDP.PCAP.KD,2003,YR2003,376.758714204473,2728.41810120831,3974.17503202227,10630.4536535068,45050.5525377669,1936.59966053262,11593.5753909712,7337.79203783303,2019.98486734451,..,46449.8451866154,42950.3907492184,2158.00717069154,24298.6237850202,22058.7633255054,550.862805736311,14914.9080092462,3369.72635334158,41107.653030404,4257.48738791646,722.667195343064,85321.2432651983,1425.05517363399,1637.80850362229,3421.74843067042,5280.21517473814,8910.85562414267,..,37202.3579409858,4894.7818856957,464.751045254517,221.22748245559,2310.49441972563,506.702794627566,1168.17564525165,45239.8113906795,..,397.811326877402,573.334374350299,..,10141.7319820518,2258.91205641705,4945.95797016574,801.798755795278,269.243780884,2383.35869342133,6606.15649101646,1224.96834139448,12108.00265207,3741.20640834449,..,28974.1348188193,16121.336194865,56256.7676111391,1096.48923375223,5855.39819177131,4003.12852157614,3888.34190144515,2015.89799743556,3169.13427088283,10788.0289067518,565.725053670377,12481.1896137323,193.866915123198,..,3501.14096814111,42729.0244671581,39182.7806478803,..,9788.87886565389,527.85891243447,1812.11176218722,38218.3496455934,1026.39835751809,..,26349.2773362358,31842.2401042381,7003.12552976157,27883.240173408,2594.92612507367,433.788421392995,508.499323842033,2398.25161977599,723.601687166324,1674.39548410075,24010.507190176,11849.5188399734,37942.3449326667,850.293264901313,2333.09748333113,4925.65236289198,2526.04313180653,47951.646676924,45916.302356604,25751.1838327015,36729.976643409,4875.20484495965,42743.9939102079,3082.05494543472,6107.70925930304,824.470152186113,1714.28801285882,..,17136.6615671131,2560.14244752278,41189.4631833748,716.264250843561,762.746261093587,8859.02888143903,6539.6572664795,935.51690138269,271.022142025795,9403.45364734457,..,8931.51953507369,97678.4605355307,26220.0685487348,3436.96760478547,398.901978555256,362.371936368191,7377.3081937676,4868.50972219824,656.491888131521,19035.3611499787,2834.17939848242,995.19466074381,5905.00121337216,8416.9042657497,2823.99836801389,1189.31217378208,..,1792.87317527575,5005.05347257841,2230.90475266458,307.034073405739,476.612438121414,3958.87386263969,..,476.458187731619,46422.024850388,..,32019.1455497404,1335.8169433962,335.668229742098,1426.90330680975,21687.1321868638,84032.8942973006,17881.3147645156,878.441519662912,9996.37418419145,5505.48579070322,1107.99673254378,2633.23560772237,3520.27532160776,1689.98013198157,9135.64781390511,21540.0697115796,28082.7868056127,60460.4202003675,5974.76524385714,7769.67022522781,379.643976508435,3171.05739690336,..,898.652802648485,17954.9497934286,911.432866173245,4018.50633897681,8932.19505426459,342.019023665569,35233.1344804816,..,11755.3477987032,20346.41581914,1085.87788222392,..,6306.64921536304,..,30082.6264787607,1947.48037810627,12913.5323653435,6543.66964577761,..,5506.24559412158,1125.76439929862,6357.90354673587,3158.82619636327,46983.077264445,66948.8843867195,..,529.805212637564,555.496036218895,3969.41556573934,614.038374276163,486.309191471064,3522.27284076657,12426.1491069149,3228.46383413296,8331.75953512097,2495.28835659182,..,3148.14895517929,453.197783256408,2349.93150771578,59867.2899389479,37879.6159798084,46304.0360895612,8036.47922624006,885.322126922401,2522.92281404708,9710.26529736457,917.144770018116,36708.2563166917,1810.42969250703,1170.143593952,1018.361971072,932.160667702343
GDP per capita (constant 2010 US$),NY.GDP.PCAP.KD,2004,YR2004,364.095436021804,2896.27787194169,4091.1442350798,10661.173537835,46730.6565549126,2071.90526529851,12133.3363460388,7913.74312362482,2244.22017077501,..,47817.8992322005,43839.6853455116,2357.39602637373,23997.8477712197,22144.4733857539,570.336735954774,15078.5912059365,3781.25816532802,42417.8471303389,4343.17724006303,732.335422521139,86733.3700723903,1469.37315038902,1676.22795997223,3628.51643997036,5349.00202419483,9309.00819513988,..,36752.047316298,5255.17917906694,471.55565771579,224.515553169343,2505.17250509891,550.099939730115,1179.61409521965,46170.9201965306,..,414.030230976219,737.987527422334,..,10754.306601667,2472.58650206958,5139.97662586373,798.010571542992,278.476786186906,2395.81918885567,6792.10987487096,1218.12034968682,12605.1884848499,3949.3477984125,..,29895.7529354219,16913.7837833034,57608.7348945083,1120.51906786623,6021.13906507855,3995.39546963223,4139.08057299158,2059.37751488092,3212.05221079225,14266.9279168741,556.035639862693,13346.3983138309,214.044831566806,..,3678.9257844854,44277.8427026504,39979.118439904,..,9595.85122382378,547.142279542797,1943.55870108073,38673.8881132052,1056.00037533726,..,27614.4059346282,33899.1253315514,6938.73824808453,29604.1479791411,2614.71279024639,435.501609588215,511.263610106235,2477.92385076577,687.191411263482,1736.69288395134,25896.6828387664,12470.2167972762,40657.0748601593,902.905794350882,2416.83638933237,5079.88013586316,3792.14245478578,50249.1858688532,47820.5308165988,26593.8542318663,37070.3305936074,4910.293803963,43671.6803574739,3262.19057717045,6647.69212950055,843.229370851611,1655.68050498726,..,17905.2257914499,2625.23508579839,44820.2000238126,757.374428304605,799.07363045587,9702.78929598668,6636.30314582803,943.659255648433,272.855156742636,9670.08454821137,..,9624.01373328868,99778.4687902506,32438.3636847235,3591.29332643128,407.517462052747,371.787370319128,7725.84502041922,5367.94050960348,645.922979170616,18991.7828034799,2834.89330958081,1022.75038085483,6205.25319645813,8667.28855532868,2738.87578967476,1280.48591638802,..,1961.49190087981,5216.02415362363,2310.33844900451,321.302880361857,536.210103605423,4394.41064649818,..,491.697513786102,47200.424693034,..,32792.1654022348,1388.54326130522,323.969967892034,1860.06237676129,21573.6309645434,86845.074823643,17671.5750521154,923.923303987001,10634.657821925,5810.3163779531,1110.29298376467,2694.05949274428,3649.3720481147,1768.10696877381,9610.44435606006,21877.906815652,28571.4543693811,65405.7177707633,6511.16568437516,8360.81191962973,401.409683518251,3296.95308050772,..,911.005601835514,18822.7300412929,939.843787721279,4392.27752601414,8709.78268874452,347.900129374393,38117.4105337566,..,12376.0620305921,21218.2521512652,1110.35067905966,..,6512.02948870131,..,30504.3574306103,2038.03609315556,13193.8108918632,6988.69098097511,..,5724.05948169308,1137.56307700031,6871.83933395005,3250.39932084525,48820.6060879469,68380.5217524033,..,572.53903972191,581.772410946086,4190.03227569788,594.964573020113,483.765465442695,3488.32638609955,13346.5923771546,3403.10523429826,9009.59630182841,2593.51525381597,..,3065.71685774683,467.479955727109,2654.33354768562,60042.597356397,38616.8321327116,47614.2798621765,8442.54955755894,942.554054569169,2556.89943357105,11285.8225266766,974.529145706005,37834.6101746783,1947.28403660688,1182.89824967158,1061.19773107669,868.156436927801
GDP per capita (constant 2010 US$),NY.GDP.PCAP.KD,2005,YR2005,389.416357791097,3077.67973683858,4273.31275146765,10644.5810685804,48718.1651711328,2364.194266479,12752.2812820847,8522.52273238782,2571.98575552046,..,48702.734693348,44474.1317406135,2949.44281843844,24305.9906669231,22066.0711292424,598.617425921471,15623.933374664,4165.04700729395,43068.7278314487,4342.12889141106,723.199959377189,87616.3859691804,1534.82074531128,1720.09901866727,3946.05667880525,5512.81122938706,9495.10493913007,..,36325.1207263069,5678.04794405951,497.460396624279,219.186550201302,2639.38263767138,613.279009899234,1174.72597150746,47181.5623940446,..,410.414836096583,835.195541663453,..,11249.8679032326,2738.20540056432,5312.08235162603,801.333459920949,286.29157701886,2503.3116031403,6954.0392055861,1216.20847120489,13121.1808182387,4385.00248434951,..,30565.7818003826,17978.5279164143,58792.6713818243,1137.58286511449,5994.70186791627,4301.88496632513,4286.51524651782,2112.48796951889,3310.93998907588,15941.6469781702,554.488199426537,14681.2253747477,232.783200207957,..,3689.06738165446,45353.2599997077,40316.809569154,..,9693.59714649478,524.865283436448,2158.09453289606,38969.3216980632,1089.46832083985,..,27698.5106148475,34814.543522518,7837.35209468164,30592.1607999249,2638.29047019618,439.77269852667,521.299383730417,2431.71710792827,688.702984831631,1799.49033173303,27688.7395310834,13042.6865260721,42701.5866826206,971.229760739349,2519.5098415279,5233.18564658332,3857.61038873535,52001.2301949881,50124.9989769049,27276.1870153698,37238.9360836191,4925.48935559543,44393.6627400989,3417.7301367205,7227.98294898918,868.922820474339,1704.1055741493,..,18568.3628147064,2781.73183747801,47847.8235910685,747.565616648644,842.567630060399,10857.3902091541,6606.29199621943,968.447195882062,279.796234287132,10653.7843994307,..,10537.9103730548,101380.774586459,34246.0739719613,3755.0365918725,413.867494917738,373.232124951135,7983.8914936947,4793.53430068771,666.257623041383,19585.1242660293,2913.92198951898,1083.19528551186,6245.19695733021,8808.56356491149,2808.08932617901,1379.87561746639,..,2079.11237880326,5426.69811988711,2358.44357888445,339.132244173654,603.832088706434,4454.63476045359,..,502.239427924995,48107.5854897237,..,33494.5805268678,1429.26457367809,326.331710069065,1875.02964242477,19408.2782743879,88519.5747406155,17631.9396938635,974.53729826756,10713.1790724931,6114.22120544563,1152.09461660863,2707.97467139044,3831.36485077707,1818.31549067633,9950.57267533817,22004.7994278972,28775.3877857369,61688.8119300477,6824.82145977214,8927.90565842376,430.633605268414,3412.08080328825,..,952.679773600914,19309.3120672141,966.631555759811,4649.57626719508,9450.27943363656,348.944739727096,40020.2601607487,..,13210.2692544755,22029.4303476271,1141.74497325165,..,6768.55697245857,..,31110.0444679582,2149.03908278846,14162.1547533351,6892.36505278609,..,5856.49405937436,1189.96098816905,7109.36930268371,3411.67344253263,49996.1752158939,70008.2175448494,..,598.302229768552,610.822326055782,4337.26335679049,613.745562522163,476.671547533371,3521.2480720022,14105.3413149066,3492.16594433769,9691.81785726336,2900.12255413331,..,2910.71379687003,480.095343549445,2746.04980202904,56199.0292690569,39492.4685825102,48755.6160606735,9068.23921159891,996.868052119251,2625.26906802965,12237.8829531152,1035.92217009178,39240.4883343607,2103.13353121535,1214.70466569608,1107.72817478721,808.294356331969
GDP per capita (constant 2010 US$),NY.GDP.PCAP.KD,2006,YR2006,397.985904741902,3265.36562197466,4282.32823091748,10282.4565949728,49615.8200603728,2754.41363654165,14218.2565223361,9112.11316338653,2933.83347842552,..,49418.6863195942,45737.5158735147,3923.65815354896,24429.4457482208,21796.0151385957,630.04818002342,16447.7630879743,4609.69043320306,43854.8690787415,4424.43737866722,730.275255572894,91944.8738136662,1601.91580165284,1771.94687725178,4160.56310253483,5883.89905903791,9761.87640157734,..,37401.0531640605,6107.7068038195,513.001925654689,223.40359025878,2813.18540374689,669.036330900669,1180.1652794995,48035.0357919049,..,422.438682235064,812.008600306535,..,11833.952018896,3069.30471438489,5596.73474127545,803.113047984265,291.971436482544,2573.50941699857,7351.86086834999,1210.66821074406,13755.2384446105,4908.87933226765,..,31415.8231620355,19162.8668174829,60892.7666094246,1172.78890383682,6154.64217573123,4692.98522715234,4400.85960185133,2217.39483045864,3424.83086608327,16413.5404083651,535.929673118151,16285.0067216,251.0560465436,..,3732.00347538386,47011.657598012,40987.5522971786,..,9071.55295684073,514.099639455964,2391.41464669155,40456.8573802769,1129.23951607772,..,29176.3928664896,37394.6156502563,7499.88645517455,29375.276247165,2717.76349711088,441.55262863324,521.322597661378,2561.04171189537,693.262996865611,1874.95344908855,29446.2629728128,13566.6884924447,43796.6931060829,1044.89394043832,2621.96039791854,5469.09880711415,4143.69170316574,53587.3211900259,53425.9258268781,28353.0162548178,37872.1682647792,5039.6305138295,44995.5215075646,3557.30268573751,7917.19534235689,900.100564670556,1642.73429133361,..,19427.1898414365,2883.73863951767,49268.2631186018,762.520116111145,900.275436525307,12260.2128643293,6592.54407592829,1001.13594882825,292.037742262349,11175.1298703495,..,11500.5291506331,104943.440343903,37959.2376312838,3942.43613357929,422.141167051048,379.438608020211,8273.66198942653,5539.78170316324,674.740126499254,19870.7522043411,2968.65988116583,1251.63017656728,6746.88662293134,9108.06544957465,2817.08288051042,1450.13431499639,..,2229.15454399997,5884.24360498895,2507.67465818724,361.745037616069,677.703647126811,4715.1059655428,..,513.127461584289,49720.394858048,..,34016.6202858532,1464.35051920187,332.7108759389,1976.70846883522,18673.1323528986,89912.6266715029,18063.2519297007,1013.76537218231,10364.2496374924,6522.91812976608,1150.19398266291,2796.03148974837,4069.77709804109,1880.19237759858,10572.176187544,22306.2839259243,28640.4372250234,66623.136105089,7418.41602918438,9687.49351320027,459.412163330863,3456.87562489352,..,1015.3953915349,19304.5502312634,964.244479476816,4896.82444098329,10126.290476779,356.244958619095,42223.8913630418,..,14326.2598754004,23201.2579079271,1191.79605112733,..,7054.90819543312,..,31865.3989978441,2296.40879822224,14243.2671536178,7287.94940398169,..,6297.32309257641,1275.26202714751,7304.04167165427,3568.85738046799,52046.4815086322,72361.9556688647,..,626.797221507883,620.059709328745,4525.15928176155,566.458234195195,482.859636282208,3470.3912706441,15892.2872403853,3641.54339643904,10251.0474860203,3181.07379427164,..,2940.71144792643,513.752749406897,2966.50006223766,53926.5970989762,40184.5045397439,49575.401013591,9424.51699380651,1056.66681266117,2777.66595589624,13221.4206604979,1095.98245226292,40724.8185408524,1970.1086773754,1219.00746147531,1163.30272721647,769.361426919362
GDP per capita (constant 2010 US$),NY.GDP.PCAP.KD,2007,YR2007,440.368155343632,3484.25411086376,4359.37574752245,10619.6136467331,48638.4243930842,3258.47527880092,15355.4268216395,9830.68091982204,3366.16218732912,..,50952.4670378891,47240.5277954285,4851.17690871859,24312.4006344062,21838.0745654035,666.401447207163,16670.6087028588,5029.14706662672,45013.0737838389,4358.46900107434,752.215214660521,94029.6080297516,1848.56625507606,1821.79549543765,4405.28505871939,6270.47407967408,10245.23081298,..,36997.8072614836,6625.02873255093,525.931220520667,226.304441502933,3202.37926444633,726.460579564578,1185.74184731057,48552.6964313308,..,434.250472500069,811.016281875588,..,12285.0483830444,3487.84568997012,5910.29238015612,790.367476900535,300.291828774835,2447.51119265508,7841.92584243719,1207.08718862636,14476.6759598785,5261.8967261905,..,32236.5905484994,20104.7699717411,61174.5451464235,1212.50930941138,6530.48865073861,5030.36364433711,4421.90242783833,2333.46731261569,3540.55416312214,18075.1767611423,532.231477277782,17627.0297205183,272.39119804668,..,3667.45254127608,49239.1939572439,41696.6909365637,..,9299.46390626373,516.118590466573,2722.15153092876,41831.8670883098,1147.86650079965,..,30054.8893883805,37763.8983912884,7936.04140516154,29576.8960380147,2825.13809875931,439.732715958548,525.644622516569,2747.18240447035,705.388341696728,1947.95743406386,31081.5731918616,13648.641941526,46695.2130303686,1130.09007066414,2750.61514270465,5901.1251628215,4098.30662664446,54036.8494833685,56809.4420158349,29562.7415263063,38236.7966329694,5083.82277313287,45687.3457507701,3687.23364490183,8523.76620458622,935.656508345081,1643.15673552089,..,20385.3200379602,3069.09805729264,49588.7642751449,819.806297297809,952.316936039539,13590.5003060619,7157.55077709297,1040.48264279728,307.39961859516,11707.9853966875,..,12928.2599422279,111968.349480982,42537.7323015393,4192.9484874595,435.717245157376,403.494596818576,8889.68419175406,5823.48064669599,675.409208703543,20590.9521864608,3070.70741625891,1251.15438981303,7100.8618240096,9253.31771559193,2774.97197443608,1497.10382581433,..,2425.68184982471,6502.39379944141,2566.21670054174,377.383271912345,753.951893657646,4968.66403369319,2947.34039376572,525.082252599931,51447.2595860077,..,34674.0102448102,1518.65319903248,330.633212491199,2056.83859079469,18056.3172406104,91594.1793496871,18302.3193271216,1041.28938271582,10305.1819256237,7173.70415148201,1203.13831979737,2906.43569933944,4362.94899163223,1971.2817515787,11322.0546230391,22817.3215491834,27850.5637359278,66761.6227443087,8045.57565851951,10532.3262706179,482.13993878546,3651.40713286557,..,1024.17905961708,19136.1592336365,984.866390681995,5206.25314511635,11124.6571123506,374.282875411703,44191.2380925911,..,15868.8044098402,24673.4446856832,1249.14968628331,..,7334.24150204073,..,32459.9173758671,2434.03692307162,14054.4723020614,7275.20726414985,..,6189.76936504895,1385.41002741421,7596.07996949693,3668.4808479353,53421.0202381409,74687.525552693,..,661.344188040371,651.903658068268,4744.33322739726,621.612003309004,480.775907763523,3304.11764370781,16570.0690409323,3847.40697424139,10637.7212118442,3489.33006163966,..,3095.09858688954,538.039357452721,3220.01355748416,48260.0109066643,40891.8935643467,49979.5338429195,10014.8720200543,1145.08380676931,2850.72304789954,14143.6579502867,1161.47157286995,42477.5010837097,2046.9712650314,1225.47238603882,1226.54054771906,729.818727192766
GDP per capita (constant 2010 US$),NY.GDP.PCAP.KD,2008,YR2008,444.950137932355,3775.47844386383,4390.49963275957,10500.3858391248,43833.8053469624,3578.8728059932,15180.5105084166,10125.1262721185,3629.15770214106,..,51788.440148049,47821.5276437765,5262.10135550006,23314.9941672211,21563.650666009,698.564892037526,16666.0770631399,5561.29648451713,44992.6105422329,4385.17593228253,767.057378825483,94903.19153445,1898.05279389076,1901.89980193506,4659.60279339669,6552.77664070476,10658.2253077189,..,35860.3887804149,7048.4458739345,547.481140768505,229.834701437855,3378.64619666373,763.691392322938,1186.92793506914,48510.5677732731,..,436.073715935685,808.889003870998,..,12588.6912225,3805.02591614498,6048.09453118061,774.684921261099,308.652808364549,2496.50258939256,8095.3097259221,1211.6238427928,14778.9057526104,5475.58107103488,..,32651.9055915973,20479.2376148226,60504.7752990886,1261.73997656592,6983.30310619359,5120.6065127718,4624.19657905439,2456.73142628729,3569.91515439805,20333.9404431737,471.166624825861,16716.5031632479,293.853313282981,..,3667.86084312716,49363.6971964824,41545.2934469919,..,8715.45571578495,528.726710620212,2821.08074275611,42365.0974955812,1220.71326686413,..,29874.7434456727,39281.0091957183,7984.84152465942,30054.2028456599,2854.07196228428,451.321326890019,529.724690068323,2807.32160324032,700.483332422239,1987.91408312059,31553.6365256147,13794.1383229791,46531.3054022458,1156.9325271372,2876.88504026904,5889.04751126836,4325.66798265067,50630.7510033481,61763.1572297087,29930.6921917168,37585.3374268633,5016.0183125486,45165.8871619431,3773.18767474681,8698.42365362226,912.376719197583,1577.91978590661,..,20803.5005404023,3125.0680894871,47965.0088277919,880.278820143015,1009.4607745837,13238.4300008963,7764.058148739,1099.98185951972,315.876086306823,11856.0205416973,..,13405.1882370579,108577.352288198,43081.2613903541,4418.26742857375,453.636564218075,421.226144835484,9020.39970254535,6325.78685978792,684.494418446572,21142.0208113957,3015.78825033508,1229.45439945192,7456.36924572352,9232.19731607389,2719.47086421754,1616.95279003258,..,2604.92892599749,6940.2002351839,2686.22829742839,391.710147288148,826.094698526859,5036.25469879361,3972.83518061013,551.644103247376,52118.0925554466,..,33996.0772420506,1550.50129486847,349.004680222814,2128.66663180797,16639.5812638344,90807.3373367213,19112.1970550978,1037.5751370942,9675.45016820254,7653.07474738949,1252.5785789051,3049.87397660824,4703.07992816355,2020.15045782033,11801.5922469817,22829.8477454641,27510.5109009275,67262.4517149952,8872.77897047769,11089.9299546553,521.545279677123,3663.33318144253,..,1082.71488218673,19792.7203832604,993.488975864269,5509.05879052223,10645.0866961106,384.898030867826,42650.1020802336,..,16747.8147334138,25447.4258986805,1307.17676914428,..,7465.39121122766,1532.18435690432,32302.6938893926,2559.47430859484,14775.8220728387,7492.57957973174,..,6595.30526375179,1455.31837393618,7827.23158176589,3633.31570121311,52711.1982655892,75423.8760722031,..,698.230224101993,666.813239576787,4800.81053710194,701.227147508139,478.36177551767,3384.93783411513,17052.2593805911,3968.35255561488,10599.2902748177,3949.0482336565,..,3310.83516443408,565.067846182915,3311.95840954095,43658.9447775973,40316.8587142954,49364.6445500336,10698.052015718,1228.26456536303,2962.0082239378,14652.17842463,1214.25245792541,43010.4408842455,2109.71672581151,1235.8115887039,1285.86452755948,590.738406864699
GDP per capita (constant 2010 US$),NY.GDP.PCAP.KD,2009,YR2009,524.823533211573,3928.34082756573,4386.03889558891,10199.0601502139,41860.240309586,3536.79829568814,13196.0602753709,9428.50254117176,3136.81172720558,..,51651.2232575577,45884.3987075025,5639.001689405,21951.1466446953,20797.0052179038,725.766259956842,15926.4947174382,5584.85724471209,43612.1599094618,4307.22111778001,763.105014071657,89391.2111759902,1986.13561776648,1933.74010151189,4546.45977487413,5948.85324807045,10540.1087666864,..,34812.7146878375,6794.65668686819,546.893158156821,230.053170925045,3300.55098620992,752.977918475691,1177.13825997736,46543.7921999113,..,437.601383559457,815.968047215377,..,12268.4411530719,4142.03819614937,6078.31545521681,770.994711084065,307.109163373246,2595.74723503752,7911.7951996015,1223.51061659574,13704.4443440657,5550.70597297283,..,31223.6217799343,19376.9655416355,57229.0516378881,1303.21678968842,6886.59695145549,5099.60481246967,4573.2470841831,2524.43244383914,3442.86854777437,19684.6970059263,480.608925018737,14282.6034990097,311.367743764672,..,3580.397018652,45065.7534943592,40116.3795272806,..,8449.93871076307,545.324820375374,2753.63926595848,40086.1047594417,1247.46273767209,..,28514.8100942614,39870.417443419,7430.56389412348,30111.6816042731,2806.98044057128,440.106974112311,534.065153552425,2902.90153022236,711.24623996144,1900.38257131035,30711.4946896443,12908.7228010883,43152.6922850769,1237.33978594507,2970.04413106579,5956.51050165636,4354.68362662857,47831.1207709733,62447.9725461589,29594.5195347856,35363.4009370743,4774.79302811358,42724.5349112628,3786.53348077512,8573.77275910731,917.043826725433,1549.00463205806,..,20843.1348004932,3203.66288547379,41936.8167711931,894.81795864929,1067.57591683486,11529.864003025,8416.44367293209,1112.91726247016,319.655736409264,11631.7190077153,..,11546.8222513116,101939.613397919,42739.3490500721,4398.77380483572,423.305740799147,442.557284715216,8635.11672182396,6022.29001050218,693.546068446026,20466.5636022539,2958.45601540337,1182.37838228487,7683.12492469643,8657.83602871194,2759.31157577677,1521.85557085956,..,2533.17574721263,6533.56737268967,2765.85615386279,404.595020107936,907.362385848659,4978.68000183449,4325.04987676391,570.930789331057,49897.2251683257,..,33555.4656671981,1480.37652901593,333.690292940382,2216.49939424471,14155.5399917153,88214.4174082572,19408.6340238052,1045.20792881873,8748.04941148616,7638.29104059392,1298.83714777208,2890.34347189678,4695.67516656722,2010.7993281009,12126.2034483163,22128.8453948688,27007.8569098663,65769.0071794388,8314.73633184719,10219.5213064054,539.378798628513,3462.66250180771,..,1083.66427087711,18861.1099983952,989.433252289906,5358.8437417654,10486.1898908954,393.545483439669,41133.2998100586,..,15818.5639472363,23252.0969978534,1217.37777309225,..,7248.43931489548,1541.60864404791,30873.5832502592,2630.01189797312,14173.5787411372,7387.07552043654,..,6451.6649551991,1464.25459985984,7978.38828303205,3622.11211543294,49554.3434279723,72901.0335617966,..,708.945345117649,680.806130308502,4743.69047171032,782.036242892765,481.960278006291,3442.76410810998,16226.5131072686,4044.62968852153,9973.34253554873,4129.54353076907,..,3133.4634303266,582.744743563269,2834.34324513462,37203.3979926415,38281.3960191584,47575.608562749,11112.4560332721,1305.53821306914,2987.93516991805,13961.8857748738,1266.31350863825,40298.4050269526,2227.12584327315,1249.03367793608,1365.40234434284,630.463204702712
GDP per capita (constant 2010 US$),NY.GDP.PCAP.KD,2010,YR2010,553.300289383064,4094.35883191918,4463.39467488951,10352.8227618312,39627.6635163399,3529.05348173757,12126.8761392994,10276.2604977053,3218.38165488465,24271.9404205267,51874.0804819957,46657.0629004957,5842.80578358576,21921.5590634977,20722.1038895508,757.671757176894,15905.9123150278,6030.38870666591,44380.2374107585,4344.15017661252,757.695907409377,88207.3275597322,2178.92138307967,1981.16070450437,4611.47029811707,6346.15620387349,11224.1540829355,..,35268.1011703581,6843.26328885315,575.446452687734,231.194325649216,3312.82598480901,785.692884137286,1182.86922701266,47447.4760241936,..,446.443449375206,896.569734113861,..,12860.1776447469,4560.5124871009,6250.65504429614,769.174288260466,318.075751596552,2737.34236484237,8199.41462068027,1219.74909551521,13505.7458630323,5676.14140269906,..,30818.4639574235,19764.0155413397,58041.4112245601,1325.99072352076,6912.43571398947,5451.06695994465,4657.3023611471,2602.47954869567,3474.39244489447,17136.4456757583,482.1490904235,14638.6048173457,341.309909200504,47398.1136149575,3651.96678405546,46202.4151628454,40703.3427911985,..,8754.11337590957,562.851752662169,2964.47703373088,41785.556912554,1312.60755731025,..,26917.7589787254,40532.5081049666,7365.6666592364,30700.4340081784,2825.52406953376,438.751334569012,543.957410843377,3026.28121165012,662.279518162433,1932.85828999689,32549.998231121,13025.533794363,41676.4452733744,1345.77015320926,3113.48063451433,6273.37844112131,4502.74904825726,48538.5877604681,67690.5656664256,30661.9900386465,35849.3736358594,4682.72842390135,44507.6763859172,3679.19027463278,9070.64997199985,967.340077341325,1493.16051003948,..,22086.9529193201,3283.21193843172,38497.6169579293,880.037775119109,1141.12711507419,11326.2194746243,8763.82627374951,1173.26021199956,327.420509735634,12120.5621692062,141165.082856705,11984.8685698823,104965.306078267,52374.7944457228,4542.90410449183,412.730934137725,458.868174427665,9071.35698672103,6330.79498041553,708.370763247419,21087.7946931036,3142.60944206009,1203.3836748551,8000.37643182154,8959.5814158753,2838.53072884497,1631.53583179532,144246.368774966,2650.3536590073,6682.28115774575,2834.20471989688,419.225814942685,987.73658320217,5191.58308141444,4912.59955837279,592.183521642014,50338.2548273725,..,33691.3483689734,1526.49793806178,348.151510969273,2327.32066957391,14681.0230780538,87646.7534630855,19280.7473903632,1040.14226787636,8978.9936492428,7937.25993090731,1366.87911154444,3225.59175373637,5022.49319096369,2129.49924222792,12599.5248642681,22538.6540773482,26435.7401871545,70306.2278449301,8297.48362072379,10674.987707365,563.491048683175,3453.48743422993,..,1129.75496146547,19259.5872568465,1001.63137748259,5411.87740391911,10804.6844747547,405.128401768805,46569.6795060716,..,16600.6135880385,23437.4720211387,1272.44802510598,..,7362.76138986481,1562.23934569833,30736.0022781736,2819.51116056146,13704.2544536956,7196.04134207217,..,6231.77023247462,1476.47808657841,8303.31332009764,3690.23933600256,52076.2559134864,74276.7184159425,..,738.347522660006,701.604550062032,5075.30217639529,849.862697155979,487.923891266382,3547.59097498905,16683.9457843568,4140.1517698059,10672.0569256642,4439.20300021757,..,3021.88952810147,594.997255736371,2965.14236549771,35049.1483167837,38709.9116622829,48373.8788155779,11938.2120047097,1377.08214046938,2965.80243434839,13545.2058384559,1333.58352396677,40831.1140805706,2338.71987682303,1309.23195973585,1463.21357310715,713.603506154235
GDP per capita (constant 2010 US$),NY.GDP.PCAP.KD,2011,YR2011,569.233387721432,4210.07559481109,4504.92009813206,10442.7264995652,38038.8800256098,3538.71568511348,11781.3690776406,10780.0156577357,3371.6728305502,..,52372.1545375312,47805.7771805138,5770.96970270605,21710.589991716,20514.7563869279,797.411680369498,15967.2506305006,6376.39390425034,44555.3657083469,4333.36177568641,758.5775214493,86001.1711723395,2310.00365501278,2051.152291621,4695.25830755624,6610.33192292142,11559.2122714428,..,36092.0969837904,7019.17801535239,594.806404458554,233.518126039129,3405.78186030337,827.978408119101,1198.83327246721,48456.9645742468,..,458.332773274876,867.999063167632,..,13518.7650782475,4971.54482081764,6592.40232457227,770.322758103471,328.750569158586,2751.9095332522,8449.962611715,1138.66495674014,13899.2910130516,5824.10362785157,..,30138.5935112701,20118.5878140405,58575.6189162915,1361.56855754851,6869.73447491738,5547.78880918922,4943.4227039141,2593.59690162311,3535.38997143125,17461.5519241769,514.179598235776,15798.6327787681,369.584420036853,..,3719.88948038608,47171.0220648002,41349.1909377441,..,9060.66267261955,521.770978589798,3220.39134823083,44125.3314116503,1460.64566451852,..,24495.7111345202,41147.9676321657,7393.88830636824,30693.1274789777,2880.41465498131,445.944533227842,579.724981779373,3179.98765767791,688.843386666924,1969.31041398448,33888.4863410673,13289.7074395278,42374.970698999,1416.4033912875,3262.7486126075,6428.9406616813,4695.3572155629,48342.5077058733,70346.1510258093,31624.2796155259,35994.1346076801,4743.01554930271,44538.7080863902,3578.77779175862,9603.59325045305,998.998390810035,1471.55248604141,..,22724.7055707813,3405.50091123445,39652.1711776107,921.177039121392,1215.88172879836,12270.3959208494,8448.21421354184,1236.73855020909,343.646400315538,4578.5318147555,..,13000.1895664334,105264.748445355,62279.492025509,4645.51500231041,407.327281863527,466.963342157269,9377.17672506347,6699.61456657533,709.399379806696,21291.8143091588,3188.19490647122,1223.34461378809,8313.27125393119,9183.32807775507,2900.88018216377,1743.48807670045,..,3053.61227424636,6890.77354567842,2942.03881663557,436.143181546185,1034.77235995095,5351.36974539229,5469.15568405628,605.633652559472,50937.5529376309,..,34194.4455859056,1603.33429038139,342.859308364029,2376.63877298209,13712.461635713,87355.3124674252,17914.0282158073,1046.4935453695,9372.65046316599,8719.97386309516,1479.18994128686,3320.79055030122,5270.94874674316,2171.49225121248,13224.4819622291,22159.4752994961,26237.6836631307,72670.9586637702,8426.47469757906,11121.5135288871,591.821409198916,3624.62867225263,..,1152.8997798885,20575.4979506406,989.792531089821,5531.21834845859,11967.3623467509,414.791671283747,48447.6805765914,..,17046.6079365725,23540.7146228343,1405.46962568198,..,7494.32662853454,1435.33057875291,30320.6848318991,3033.56496289398,13881.6057761613,7161.2425848059,..,6204.16158432992,1592.96439982383,8698.3021013241,3704.14077507333,53061.5685724421,74780.9683349504,..,775.299296304604,733.670798969347,5093.58050034404,900.556153078638,498.24289796025,3631.31082466498,16551.4864483809,4014.91679328981,11683.2287232285,5006.29623210365,..,3247.42790122617,629.291433923029,3138.46507001494,35550.8312718618,38988.1126884646,48783.4685866408,12512.9134818312,1451.88350530969,2932.87208142875,13902.4522897544,1401.8418086487,37671.1479606453,2551.41574089571,1112.35193187576,1499.72831129858,812.822512514986
GDP per capita (constant 2010 US$),NY.GDP.PCAP.KD,2012,YR2012,630.427412567377,4276.91621037966,4564.43501678967,10000.3110739949,37967.8025665574,3591.02743812173,12099.734924513,10557.8853892544,3606.48055353557,..,53348.3889688657,47943.2015811988,5820.0798474712,22050.202146146,20921.199710437,839.513687185166,15958.9326993268,6492.74128803212,44293.673248396,4398.76441758112,773.137026245662,81547.8552352009,2387.00567386534,2122.38456393316,4703.29047798876,6779.39389833976,11671.1829427136,..,35899.0373689733,7062.13711726262,614.490681267522,235.705287861241,3403.03108151333,874.161488656531,1220.4242582928,48724.2458003308,..,475.667387467109,914.118651095514,..,14109.1433263683,5336.06002747219,6789.52550137085,774.470989384469,340.714023454477,2782.1113804323,8753.22562422451,1229.7782002766,13636.8721403156,5985.20153094231,..,28745.5391473272,19929.7640673633,58487.7863650965,1402.79944098849,6765.48963147296,5630.98859482722,5140.26290700856,2593.22646622202,3585.28458921659,18106.3366583104,..,16538.2125958308,391.131795305971,..,3761.71016643531,46277.5562828706,41224.7290339303,..,9212.29155443224,535.267122902069,3469.67170117485,44259.2599053983,1558.45662357158,..,22830.5267787719,41831.8803722711,7280.33653007385,31257.1569439436,2903.39784892403,453.413149820562,554.710568039333,3315.48645140186,698.787765236705,2013.47830649303,34064.8687245938,13144.4461073238,42663.2842660911,1474.96767422238,3415.35126676747,5928.52467208181,5178.42229352013,47704.0429261675,74148.4229380829,31785.25279476,34885.2959701544,4694.43806797898,45276.8286997748,3481.67370962941,9923.81462005173,1016.82770097385,1519.48035663606,..,23123.7613575514,3473.60239605837,39733.2891914042,905.165668802713,1296.74788425688,12921.1369718739,8057.9856946583,1293.57505056189,361.232507392421,..,..,13680.9989064807,102404.611908171,66449.1129084046,4620.63731658815,408.342125554289,461.887341804434,9709.01149337058,6724.18157093647,683.001597367231,21675.509890519,3298.55496213183,1256.20198258386,8580.08564924831,9414.90607794251,2916.25925025084,1731.51079758455,..,3365.57197863583,6697.44677021637,2987.31591963857,454.106823967563,1101.20616541062,5502.25887327398,5890.77096883912,627.182122122641,50212.9641141358,..,34771.294065037,1687.35867940454,368.942844191906,2412.86078154877,13803.6360639705,88585.3596697925,18300.3289903867,1060.50137037536,9598.48627764045,9360.33625597996,1564.07427763475,3235.72314140837,5520.55916695969,2278.63579936435,13436.9835295477,21353.2301440323,25820.7899968075,70396.8161178956,8518.32291889489,11493.4020440141,627.852381789923,3609.79266093165,..,1162.53739656703,21056.3471472239,1003.09165215119,5501.69655272997,12633.8883330393,466.86119944486,49103.7087817268,..,17299.6293337653,22859.5463888418,1439.18960784024,..,7546.81389906479,747.474148383914,29413.242910409,3286.00772190599,13644.7539633234,7017.01787533147,..,6290.56681828981,1797.10607498255,8841.04401466065,3808.38243067998,52519.6804369032,74766.6332934165,..,814.775068819447,747.66445255863,5437.23709163203,931.913275009509,508.540041972532,3650.55351564859,16680.6804404745,4127.40077670425,12052.3324548965,5462.98054873965,..,3223.67138757065,631.702620184468,3153.73924469198,36408.4975467384,39226.3364991816,49497.5858531423,12913.1040795096,1547.98156043502,2916.63935343787,14473.4698521084,1459.63736620914,32168.004537358,2631.44349154779,1108.89519303159,1565.90033409032,903.091387546896
GDP per capita (constant 2010 US$),NY.GDP.PCAP.KD,2013,YR2013,621.818078528877,4332.32001690207,4596.21962738807,9665.23344385512,38715.3551359194,3702.59918011167,11946.2812950932,10699.1977159711,3710.5757426146,..,53798.3585062317,47723.1895822009,6078.32064851423,21748.926689022,21799.6521659427,879.581966135063,15895.2633589309,6558.1851988754,44050.0426751877,4359.71418881586,805.944940706022,79251.7816637313,2399.91891590403,2231.47724076427,4873.60823503869,7409.42115464541,11912.1467557492,..,34618.9729115639,7162.99482436387,613.227951283243,239.331065435125,3389.94000420288,923.72634077528,1254.19287670611,49355.0966431028,..,300.479581663976,934.702545964812,..,14551.0444209252,5721.69369480036,7051.04027048529,782.516902123463,357.570337514033,2806.34692621856,8852.40112142191,1305.70922739427,13529.4148038079,6133.47372673564,..,27097.307095245,19826.7919430607,58788.0817870167,1447.47222024533,6784.10410745572,5825.53348403503,5311.21212093938,2591.05945107009,3634.24116617882,16634.7676730409,..,16832.061202934,421.384135742306,..,3962.68456320575,45715.6468163534,41249.4512835094,..,9407.97979166079,543.603898174574,3633.74088304533,44354.7368865267,1633.49404214283,..,22251.2572924131,40827.7824968374,7421.47854069806,31760.3611311649,2947.97210547784,453.583237543244,544.840617004276,3465.645297005,718.420465180633,2033.31618619227,34960.648975736,13459.7462835179,44126.0280641436,1550.14222964317,3560.10658042829,5741.46508900596,5338.52198495104,48108.7006227035,76906.8377559626,32562.9333543936,33887.2984642946,4700.18860036895,46249.2635106819,3401.07603697059,10368.666677876,1048.26920551001,1578.87555340862,..,23685.4067110429,3555.88125845593,37924.4724387343,984.239033535116,1383.68551490842,13403.3060284767,7576.2106037888,1304.29947084649,383.079439650093,..,..,14304.8032984686,104057.786568109,72183.5291985827,4751.90141063734,406.374993170931,471.840466288291,9981.15457978059,6896.89218556849,678.756280584149,22443.6216520316,3368.0570023815,1293.55549877325,8848.88703200817,9409.9653706125,2806.99977256974,1894.78010906573,..,3685.74783709178,6928.37472958618,3077.31500512412,472.590637038848,1183.27923524062,5681.41029775812,7510.28825263119,645.251010461788,49969.8502702524,..,35350.4437813159,1750.057433033,373.736874636553,2475.94805767418,14034.2749168048,88394.7607863157,17830.3458634383,1083.96700718836,9292.1183769875,9810.01094530469,1615.45852371287,3640.52202426735,5765.8871375688,2399.60726687245,13632.0943790296,21228.0892426576,25967.5877003494,68899.4853105472,8851.96471979389,11615.6959192087,640.947436996968,3510.97890406258,..,1191.43677480556,21005.0121223304,1007.41012044667,5670.71173002019,13153.0386775823,550.875981740217,50731.2969399816,..,17538.6488294979,22580.4124237342,1451.04835346801,..,7617.81949015431,818.43836025409,29006.3732673742,3371.1827158038,14335.88509388,6988.42790190287,..,6406.2967725788,1832.31377657135,9008.75624623772,3994.95666588905,52722.9122969923,75227.8898539542,..,855.513541651874,777.403631380315,5561.29153294938,936.365954443137,514.944965988397,3523.77327177086,17038.7870169178,4196.75249428577,12865.6815587162,5909.77104296775,..,3237.14847980011,632.55638281347,3160.08373580159,38064.00442298,39709.223845648,49976.6287666224,13467.4378393048,1645.91072139771,2907.61023080067,14462.3581809876,1522.48588485741,30457.7177903733,2610.6998840314,1132.09880614324,1595.91503746764,928.984217397657
GDP per capita (constant 2010 US$),NY.GDP.PCAP.KD,2014,YR2014,610.241924288331,4419.44263430337,4675.88502447667,9779.88348722076,..,3747.56835973634,12363.3151344107,10323.20693976,3827.34319548141,..,54394.3342655081,47681.1674601633,6122.98048925179,21355.231040892,22390.6828514575,922.161127998654,15856.13538351,6665.19349627253,44670.3700700927,4440.70118119629,833.662487448942,..,2500.26014526865,2317.25718610303,4980.20790993324,7574.28209298197,11866.3889224247,..,33313.8327791027,7299.55244471069,620.250851980349,243.101911790451,3369.64270865533,972.979244800497,1293.63118930617,50067.0427924342,..,302.546369203575,967.102777311794,..,14701.9538878105,6108.23864247842,7291.69186757615,779.839821891071,378.791409579069,2922.97333634157,9077.41480498763,1384.91034943872,13517.8348696867,6182.77370257679,..,26977.6288194539,20343.6837534468,59471.015884583,1508.29165657932,7031.44092827924,6193.76478266577,5439.37595332904,2608.37519741866,3668.1994456556,15851.1359703024,..,17352.6634404836,452.778236052887,..,4149.77858857474,45239.3688031623,41431.0396051717,..,9508.14802898157,531.638824553384,3851.7234153923,44874.8812073862,1659.77614480489,..,22479.0087486394,40629.9625184505,7933.67512125358,32042.2911860901,3007.90021300692,445.024976857451,544.360432896705,3573.71617159555,728.780321832657,2059.47490887894,35657.5161160916,14042.2814672026,44477.9358056166,1646.78125204366,3692.94287536984,5916.28969082448,5203.44225641078,51965.8914131292,80211.8019539162,32954.2330433591,33615.9715051706,4715.83776999758,46466.1229726169,3348.82685055198,10645.456264976,1075.63876293995,1588.75648581658,..,24323.5728375795,3603.75483476905,36259.3919430869,1003.51040402907,1470.50236679862,13816.9547020911,7262.24259002843,1316.33376003407,376.588857333968,..,..,14932.6026796527,107352.71093844,69749.1310498964,4920.21606259193,408.66103307232,484.368624882756,10398.7609638416,7164.67551105725,705.788472691969,24080.7625562096,3329.44892265821,1326.15866818217,9163.63335427008,9492.55094903663,2703.32089189729,1986.94062002496,..,3901.8666082882,7045.11813845329,3110.20901005033,493.2522360566,1266.12409104586,5909.40459217688,9360.6290450809,675.73528850746,50497.2367986737,..,36006.0214992661,1812.99474219866,385.002234553708,2563.09211574979,14323.3644049157,89080.6159911058,17132.0887845861,1111.19596166823,9607.72855648375,10229.2269017896,1716.48947665265,3761.91184675878,5823.96434139174,2505.81894546684,14090.119409683,21533.4699450238,..,67901.2188129755,9158.51931425094,11493.7265419391,672.748918739012,3524.64988019315,..,1237.47164963134,21183.4648879365,1020.08009325604,5593.06120189473,13379.590567362,563.197484476513,51865.7179867902,..,17972.0920795143,23258.936438424,1442.23255374585,..,7627.85192611531,820.114010450627,29494.4128503433,3506.73182782567,15029.6165351856,6984.15215105901,..,6477.91226824545,1837.13836221111,8952.60325583909,4088.56579452051,53561.8921209333,75799.6061826343,..,892.640045801739,806.150078454873,5589.6987322749,967.996741462417,531.156102203549,3581.09233259574,16862.5500676216,4265.14556905354,13312.0270599316,6399.27066175581,..,3282.52385700165,643.808240774434,3123.91557226248,39034.3762753299,40621.3130680505,50782.520695343,13856.6951843558,1744.49124286927,2909.77541758113,..,1596.34569483997,30328.8543292906,2529.99625647447,1101.1174435602,1620.82328956606,932.548383038448
GDP per capita (constant 2010 US$),NY.GDP.PCAP.KD,2015,YR2015,599.135195772503,4547.12843860153,4759.5952415194,9868.88210970834,..,3730.16906279479,12738.5300356213,10490.0195683235,3927.66224360024,..,54941.9114575236,47629.617551973,6117.03086236702,20748.696132705,22436.2075318381,971.641988030431,15952.2645515662,6399.74224322056,45067.8291723795,4446.793398992,827.8459673295,..,2625.5742340965,2392.98397316016,5173.99424090682,7308.61150787729,11322.1466804372,..,32661.8570180811,7612.02494778448,626.362194376235,226.566308599515,3364.17996975904,1024.87234257568,1332.68435699379,50109.8752757682,..,314.92651739166,953.591407056196,..,14907.1163933546,6496.62387207573,7446.18240080804,769.47737797068,391.718545239869,2925.52681884897,9406.75679135512,1474.0581694455,13853.4190780405,6444.98011316934,..,27587.2808803972,21224.6314343629,60000.8109290176,1579.92433990749,6871.28166389354,6552.69251271167,5366.54380386019,2665.35161379275,3733.92283820806,13840.8341332629,..,17591.7377388411,487.290010568137,..,4349.50433088926,45211.6964469202,41689.7079785337,..,9598.3034002596,539.893457552706,3973.21934830931,45253.5960944992,1685.98612144005,..,22578.0154758784,41435.6254349426,8391.31221438673,32020.4790907091,3069.04351844254,434.932429857165,556.043223161302,3662.59272557725,728.063224553949,2098.34023056589,36191.4152907823,14518.8370017178,45820.0609618662,1758.04337612882,3827.54830741942,5757.83001706129,5285.67041579855,64784.0948084556,..,33117.9652082667,33911.9338362754,4746.50072359952,47082.6885940638,3297.89441163032,10616.6758083252,1107.91805611762,1615.80563812353,..,24870.7708964387,3792.2917529995,35490.2935211228,1021.16079261375,1556.69288833333,14308.3419609268,7044.60739341358,1371.78052901049,367.47597846218,..,..,15341.842595032,109047.319226399,53619.5255295947,5104.77738844088,409.945700719766,483.628811026417,10739.5383286163,7221.62057795639,726.248067030662,25599.0790778935,3344.50352134483,1306.64964264895,9468.94070050164,9612.96469760968,2794.08025430264,1980.26741236966,..,3922.75986897788,7280.76698052816,3204.75361390755,510.792079566086,1346.04570419316,6082.3341950641,9143.66872724019,686.08354842388,51255.1197449043,..,36191.4847768161,1879.71302093544,383.872304064323,2562.52221567701,14720.7114910211,89619.4872375266,17070.9583860973,1140.00279734428,10411.554700798,10642.3020457891,..,3822.86291849316,5936.01783967867,2615.65918578273,14641.5679360228,21967.5967684024,..,67277.24312946,9564.09447690424,11144.5968950938,714.543174824314,3555.11073292462,..,1258.43326957175,21507.9556935022,1054.98368503164,5663.3923807184,13542.2280589431,438.02571372992,52244.5864920023,..,18642.8926785239,23779.8764170234,1465.58847797691,..,7605.39536715871,745.339956494599,30461.3624098423,3642.20690140201,15437.4579586882,7087.04511780837,..,6575.86568391994,1881.89526333396,8627.52723432901,4073.21232121879,55163.4504203303,75572.8298261564,..,925.621638386918,835.97094587663,5733.92144726817,986.708053412755,545.479756782067,3693.49365323339,16695.9812356453,4264.51603591118,13894.5998675947,6693.93561006515,..,3340.77005733989,653.872721209377,2828.88539029976,40159.5578742307,41183.933841816,51722.0969458768,13859.4073976697,1851.47277905238,2823.70782875692,..,1684.69149023709,30562.6450849424,2541.31973769943,772.033821470117,1618.45766533614,923.899696860824
,,,,,,,,,,,,,,,,,,,,,,,,,,,,,,,,,,,,,,,,,,,,,,,,,,,,,,,,,,,,,,,,,,,,,,,,,,,,,,,,,,,,,,,,,,,,,,,,,,,,,,,,,,,,,,,,,,,,,,,,,,,,,,,,,,,,,,,,,,,,,,,,,,,,,,,,,,,,,,,,,,,,,,,,,,,,,,,,,,,,,,,,,,,,,,,,,,,,,,,,,,,,,,,,,,,,,,,,,,,,
,,,,,,,,,,,,,,,,,,,,,,,,,,,,,,,,,,,,,,,,,,,,,,,,,,,,,,,,,,,,,,,,,,,,,,,,,,,,,,,,,,,,,,,,,,,,,,,,,,,,,,,,,,,,,,,,,,,,,,,,,,,,,,,,,,,,,,,,,,,,,,,,,,,,,,,,,,,,,,,,,,,,,,,,,,,,,,,,,,,,,,,,,,,,,,,,,,,,,,,,,,,,,,,,,,,,,,,,,,,,
,,,,,,,,,,,,,,,,,,,,,,,,,,,,,,,,,,,,,,,,,,,,,,,,,,,,,,,,,,,,,,,,,,,,,,,,,,,,,,,,,,,,,,,,,,,,,,,,,,,,,,,,,,,,,,,,,,,,,,,,,,,,,,,,,,,,,,,,,,,,,,,,,,,,,,,,,,,,,,,,,,,,,,,,,,,,,,,,,,,,,,,,,,,,,,,,,,,,,,,,,,,,,,,,,,,,,,,,,,,,
Data from database: World Development Indicators,,,,,,,,,,,,,,,,,,,,,,,,,,,,,,,,,,,,,,,,,,,,,,,,,,,,,,,,,,,,,,,,,,,,,,,,,,,,,,,,,,,,,,,,,,,,,,,,,,,,,,,,,,,,,,,,,,,,,,,,,,,,,,,,,,,,,,,,,,,,,,,,,,,,,,,,,,,,,,,,,,,,,,,,,,,,,,,,,,,,,,,,,,,,,,,,,,,,,,,,,,,,,,,,,,,,,,,,,,,,
Last Updated: 09/18/2017,,,,,,,,,,,,,,,,,,,,,,,,,,,,,,,,,,,,,,,,,,,,,,,,,,,,,,,,,,,,,,,,,,,,,,,,,,,,,,,,,,,,,,,,,,,,,,,,,,,,,,,,,,,,,,,,,,,,,,,,,,,,,,,,,,,,,,,,,,,,,,,,,,,,,,,,,,,,,,,,,,,,,,,,,,,,,,,,,,,,,,,,,,,,,,,,,,,,,,,,,,,,,,,,,,,,,,,,,,,,
